year,gas_real_2023
2016,2.7203399999999998
2017,3.01
2018,2.735
2019,3.1416
2020,2.5606
2021,3.355
2022,4.21682
2023,3.5
